TIME,0.000193
EPISODE_REWARDS
0,-3.721154
1,-3.616335
2,-3.872265
3,-3.850644
4,-3.528769
5,-3.727490
6,-3.682261
7,-3.574218
8,-3.650482
9,-3.784800
10,-3.933541
11,-3.808727
12,-3.969627
13,-3.799096
14,-3.817693
15,-3.814252
16,-3.715964
17,-3.702563
18,-3.621616
19,-3.792062
20,-3.902294
21,-3.602721
22,-3.658367
23,-3.830529
24,-3.698154
25,-3.871467
26,-3.732077
27,-3.515329
28,-3.759065
29,-3.740564
30,-3.687176
31,-3.739629
32,-3.681332
33,-1.679507
34,-3.675630
35,-4.693105
36,-3.719325
37,-3.905705
38,-3.711381
39,-3.855484
40,-3.858926
41,-3.780370
42,-3.835790
43,-3.730701
44,-3.185962
45,-3.688788
46,-3.968351
47,-3.477935
48,-3.847645
49,-3.198709
50,-3.808056
51,-3.866413
52,-3.655910
53,-3.739541
54,-3.603903
55,-3.779774
56,-3.676557
57,-3.912995
58,-3.624312
59,-3.798257
60,-3.688159
61,-3.769306
62,-3.709882
63,-1.447378
64,-3.765780
65,-3.807177
66,-3.778863
67,-3.867431
68,-3.818399
69,-3.664142
70,-3.626614
71,-3.605832
72,-3.702464
73,-3.623443
74,-3.792665
75,-3.748074
76,-3.621299
77,-3.934784
78,-3.796999
79,-3.929335
80,-3.872964
81,-3.696795
82,-3.774619
83,-3.836455
84,-3.634308
85,-3.663094
86,-3.854795
87,-3.554193
88,-3.766233
89,-3.677944
90,-3.758031
91,-3.430632
92,-3.706848
93,-3.740021
94,-3.750696
95,-3.727175
96,-3.847205
97,-3.685825
98,0.709468
99,-3.684041
100,-3.696156
101,-3.634779
102,-3.728342
103,-3.973372
104,-3.667899
105,-3.569776
106,-3.691585
107,-1.000000
108,-3.740793
109,-3.554645
110,-3.647818
111,-3.804523
112,-3.840977
113,-3.590760
114,-3.639265
115,-3.581370
116,-3.858985
117,-3.880088
118,-3.661296
119,-3.724813
120,-3.859131
121,-3.808561
122,-3.697934
123,-3.620916
124,-3.780235
125,-3.773125
126,-3.739436
127,-3.806425
128,-3.576463
129,-3.746423
130,-3.694721
131,-3.977315
132,-3.738221
133,-3.743656
134,-3.736647
135,-3.625137
136,-3.611208
137,-3.692235
138,-2.379055
139,-3.841676
140,-3.675201
141,-3.790730
142,-3.757416
143,-3.811518
144,-3.873835
145,0.588282
146,-3.750095
147,-3.815774
148,-3.863956
149,-3.898965
150,-1.710777
151,-3.792527
152,-3.640411
153,-3.796626
154,-3.655466
155,-3.651787
156,-3.772005
157,-3.714716
158,-3.846899
159,-3.704467
160,-3.714405
161,-3.703556
162,-3.691387
163,-3.717966
164,-3.860429
165,-3.820837
166,-3.565065
167,-3.746669
168,-3.518380
169,-3.853893
170,-3.788604
171,-3.906323
172,-3.636042
173,-3.871694
174,-3.726275
175,-3.709861
176,-3.670040
177,-3.675756
178,-3.703219
179,-3.898460
180,-3.710437
181,-3.662607
182,-3.564034
183,-3.825422
184,-3.641233
185,-2.361765
186,-3.707118
187,-3.746880
188,-3.786415
189,-3.798262
190,-3.521252
191,-3.656289
192,-3.670704
193,-3.702994
194,-3.791158
195,-3.939057
196,-3.912009
197,-3.736069
198,-3.746775
199,-3.785542
200,-3.828361
201,-3.718209
202,-3.922819
203,-3.645801
204,-3.912657
205,-3.598856
206,-3.752574
207,-3.852792
208,-3.828235
209,-3.945902
210,-3.853891
211,-3.730872
212,-3.555113
213,-3.658173
214,-3.731870
215,-3.775380
216,-3.700513
217,-3.654006
218,-3.735221
219,-3.758955
220,-3.821119
221,-3.865718
222,-3.665565
223,-3.593363
224,-3.832999
225,-3.715834
226,-3.642255
227,-3.653566
228,-3.956741
229,-3.792942
230,-3.629063
231,-3.884980
232,-3.588364
233,-3.690029
234,-3.744047
235,-3.703779
236,-3.724843
237,-3.949690
238,-3.751079
239,-3.883545
240,-3.870430
241,-3.530781
242,-3.872726
243,-3.624219
244,-3.752011
245,-3.659299
246,-3.820193
247,-3.607147
248,-3.799804
249,-3.801763
250,-3.785177
251,-3.717173
252,-3.681279
253,-3.755771
254,-3.698570
255,-3.476402
256,-3.702221
257,-3.880161
258,-3.800793
259,-1.937763
260,-3.594967
261,-3.733026
262,-4.006128
263,-3.729034
264,-3.806113
265,-3.561137
266,-3.827195
267,-3.548132
268,-3.850383
269,-3.854371
270,-3.581690
271,-4.050487
272,-3.638987
273,-3.737551
274,-3.560934
275,-3.842897
276,-3.770581
277,-3.582864
278,-4.641916
279,-3.656252
280,-3.708591
281,-3.867715
282,-3.493316
283,-3.587633
284,-3.814450
285,-3.843371
286,-1.000000
287,-2.944159
288,-3.686918
289,-3.783799
290,-3.728957
291,-3.890712
292,-3.633868
293,-3.784313
294,-3.600967
295,-3.675511
296,-3.701802
297,-3.744765
298,-3.705712
299,-3.860305
300,-3.915500
301,-3.679733
302,-3.636987
303,-3.790836
304,-3.785390
305,-3.779607
306,-3.630020
307,-3.728885
308,-3.830257
309,-3.821081
310,-3.857619
311,-3.804525
312,-3.919927
313,-3.849218
314,-3.745398
315,-3.823424
316,-3.800908
317,-3.979187
318,-3.767529
319,-3.713661
320,-3.476927
321,-3.694064
322,-3.698877
323,-3.694822
324,-3.710870
325,-3.690121
326,-3.832275
327,-3.610670
328,-3.863019
329,-3.750119
330,-3.689677
331,-3.865232
332,-3.784582
333,-3.686607
334,-3.901590
335,-3.983187
336,-3.802680
337,-3.926312
338,-3.535851
339,-3.680989
340,-3.771829
341,-3.853561
342,-3.682639
343,-3.639172
344,-3.700984
345,-3.577028
346,-3.737416
347,-3.652526
348,-3.579819
349,-3.682394
350,-3.746792
351,-3.825833
352,-3.744669
353,-3.906919
354,-3.691628
355,-3.696730
356,-3.748612
357,-3.750381
358,-3.800410
359,-3.642254
360,-3.737427
361,-3.719841
362,-3.759923
363,-3.566006
364,-3.788147
365,-3.541687
366,-3.630749
367,-3.551094
368,-3.935938
369,-3.719613
370,-3.681031
371,-3.726854
372,-3.711948
373,-3.880801
374,-3.777227
375,-3.674308
376,-3.747713
377,-3.656955
378,-3.867369
379,-3.634329
380,-3.913246
381,-3.817219
382,-3.729224
383,-3.612436
384,-3.894550
385,-3.719631
386,-3.863451
387,-3.659238
388,-3.734664
389,-3.641850
390,-3.817599
391,-3.736048
392,-3.626207
393,-3.697624
394,-3.705757
395,-3.903110
396,-3.696887
397,-3.621874
398,-3.790907
399,-3.979732
400,-3.762482
401,-3.911322
402,-3.758283
403,-3.662569
404,-3.671765
405,-3.761564
406,-3.697739
407,-3.673752
408,-3.832253
409,-3.630228
410,-3.823956
411,-3.550176
412,-3.642072
413,-3.760774
414,-3.708550
415,-3.656760
416,-3.776558
417,-3.788700
418,-3.716153
419,-3.734063
420,-3.733759
421,-3.769777
422,-3.591830
423,-3.664000
424,-3.656929
425,-3.734461
426,-3.531717
427,-3.445002
428,-3.702057
429,-3.854575
430,-3.681933
431,-3.793879
432,-3.776078
433,-3.779300
434,-1.121578
435,-3.780546
436,-3.654950
437,-3.822177
438,-3.815035
439,1.000000
440,-3.758547
441,-3.811163
442,-3.809735
443,-3.722001
444,-3.793839
445,-3.642863
446,-3.839525
447,-3.741506
448,-3.733862
449,-3.705671
450,-3.717294
451,-3.774710
452,-3.738406
453,-3.719723
454,-3.777917
455,-3.695627
456,-3.604610
457,-3.821436
458,-3.634497
459,-3.699510
460,-3.863021
461,-3.890991
462,-3.582287
463,-3.815622
464,-3.820519
465,-3.834646
466,-3.859277
467,-3.696367
468,-3.649260
469,-3.745218
470,-3.889796
471,-3.788496
472,-3.775261
473,-3.726907
474,-3.626846
475,-1.000000
476,-3.570286
477,1.000000
478,-3.605257
479,-3.711822
480,-3.809189
481,-3.564476
482,-3.679569
483,-3.666726
484,-3.742906
485,-3.786893
486,-3.783675
487,-3.635602
488,-4.002057
489,-3.841185
490,-3.688341
491,-3.650300
492,-3.920124
493,-3.853749
494,-3.568401
495,-3.673173
496,-3.599955
497,-3.619147
498,-3.682292
499,-3.699911
500,-3.728438
501,-3.760327
502,-3.622270
503,-3.912890
504,-3.642832
505,-3.720223
506,-3.637753
507,-3.653632
508,-3.838964
509,-3.702838
510,-3.660780
511,-3.847704
512,-3.674296
513,-1.189613
514,-3.858726
515,-3.847745
516,-3.728525
517,-3.822518
518,-3.619635
519,-3.713650
520,-3.885971
521,-3.799825
522,-3.600818
523,-3.952696
524,-3.815191
525,-3.817757
526,-3.628045
527,-3.755519
528,-3.716141
529,-3.626353
530,-3.743186
531,-3.586926
532,-3.653653
533,-3.873047
534,-3.708678
535,-3.791400
536,-3.728110
537,-3.841889
538,-3.912169
539,-3.920828
540,-3.510308
541,-3.800301
542,-3.704035
543,-3.832692
544,-3.716837
545,-3.836907
546,-3.797804
547,-3.607118
548,-1.000000
549,-3.713594
550,-3.742010
551,-3.728803
552,-3.821238
553,-3.853768
554,-3.679041
555,-3.904431
556,-3.609812
557,-3.836079
558,-3.641082
559,-3.754227
560,-3.841933
561,-3.558473
562,-3.728299
563,-3.637049
564,-3.658246
565,-3.681620
566,-3.614410
567,-3.697760
568,-3.588209
569,-3.543223
570,-3.789569
571,-3.615666
572,-3.829947
573,-3.739543
574,-3.757605
575,-3.735698
576,-3.723487
577,-3.613685
578,-3.774336
579,-3.737229
580,-3.802863
581,-3.784063
582,-3.807918
583,-3.731974
584,-3.711355
585,-3.752918
586,-3.764313
587,-3.810045
588,-3.764873
589,-3.255659
590,-3.748962
591,-3.645659
592,-3.819983
593,-3.653395
594,-3.559029
595,-3.753828
596,-3.874641
597,-3.908057
598,-3.649703
599,-3.821519
600,-3.848908
601,-3.668560
602,-3.765684
603,-3.543524
604,-3.574588
605,-3.890504
606,-3.720773
607,-3.852672
608,-3.821862
609,-3.784620
610,-3.574334
611,-3.663350
612,-3.893690
613,-3.641388
614,-3.679768
615,-3.948043
616,-3.729914
617,-3.520061
618,-3.862951
619,-3.766324
620,-3.630371
621,-3.733002
622,-3.824245
623,-3.717997
624,-3.685006
625,-3.816213
626,-3.679532
627,-3.639091
628,-3.727873
629,-3.788941
630,-3.897831
631,-3.703041
632,-3.763780
633,-3.847670
634,-3.724181
635,-3.695028
636,-3.744005
637,-3.791426
638,-3.898392
639,-3.763478
640,-3.685122
641,-3.731354
642,-3.865292
643,-3.595027
644,-3.586608
645,-3.763544
646,-3.853134
647,-3.821774
648,-3.679960
649,-3.657472
650,-3.938852
651,-3.671619
652,-3.701724
653,-3.799835
654,-3.862400
655,-3.684562
656,-3.817592
657,-3.854970
658,-3.854501
659,-3.690254
660,1.000000
661,-3.529062
662,-3.680792
663,-3.609638
664,-3.937557
665,-3.769469
666,-3.725575
667,-3.671286
668,-3.843353
669,-3.683778
670,-3.584137
671,-3.829043
672,-3.847835
673,-3.768731
674,-3.697173
675,-3.740939
676,-3.851920
677,-3.806477
678,-4.018064
679,-3.862726
680,-3.856956
681,-3.739320
682,-3.773128
683,-3.793315
684,-3.764472
685,-3.714831
686,-3.686432
687,-3.801654
688,-3.792522
689,-3.703504
690,-3.533285
691,-3.791021
692,-3.809280
693,-3.614355
694,-3.752547
695,-3.756607
696,-3.649214
697,-3.813847
698,-3.728730
699,-3.637550
700,-3.607649
701,-3.667832
702,-3.720047
703,-3.651187
704,-3.673612
705,-3.654651
706,-3.804025
707,-3.853454
708,-3.843354
709,-3.626609
710,-4.009961
711,-3.648828
712,-3.711480
713,-3.658939
714,-3.822032
715,-3.679967
716,-3.775270
717,-3.688057
718,-3.704467
719,-3.630262
720,-3.736858
721,-3.779610
722,-3.767887
723,-3.651891
724,-3.728043
725,-3.980740
726,-3.800169
727,-3.634836
728,-3.819417
729,-3.961535
730,-3.552972
731,-3.746330
732,-3.726578
733,-3.739737
734,-3.685778
735,-3.787766
736,-3.971132
737,-3.884295
738,-3.774080
739,-3.734339
740,-3.724895
741,-3.812255
742,-3.935415
743,-3.794524
744,-3.762722
745,-3.674037
746,-3.809654
747,-3.666360
748,-3.961486
749,-3.734663
750,-3.836424
751,-3.748961
752,-3.681166
753,-3.947012
754,-3.973425
755,-3.892650
756,-3.695743
757,-3.732266
758,-3.727072
759,-3.633666
760,-3.826857
761,-3.772416
762,-3.620389
763,-3.825899
764,-3.733880
765,-3.532045
766,-3.710336
767,-3.734468
768,-3.737526
769,-3.579439
770,-3.857926
771,-3.808688
772,-3.678267
773,-3.698471
774,-3.595781
775,-3.749228
776,-3.774420
777,-3.600066
778,-3.726609
779,-3.751670
780,-3.809902
781,-3.594022
782,-3.884711
783,-3.809669
784,-3.831849
785,-3.604760
786,-3.799197
787,-3.760472
788,-3.705052
789,-3.721596
790,-3.722700
791,-3.674193
792,-3.705756
793,-3.700841
794,-1.647919
795,-3.875320
796,-3.865279
797,-3.665121
798,-3.856526
799,-3.803547
800,-3.862996
801,-3.748370
802,-3.745518
803,-3.890078
804,-3.786298
805,-3.702157
806,-4.314348
807,-3.674829
808,-3.550715
809,-3.784667
810,-3.767829
811,-3.834537
812,-3.651505
813,-3.879572
814,-3.605724
815,-3.638479
816,-3.675574
817,-3.906155
818,-3.689828
819,-3.724887
820,-3.631429
821,-3.725009
822,-3.727538
823,-3.736516
824,-3.575533
825,-3.934827
826,-3.700268
827,-3.634234
828,-3.900500
829,0.511483
830,-3.549808
831,-3.525642
832,-3.634058
833,-3.587744
834,-3.737864
835,-3.826931
836,-3.686253
837,-3.761455
838,-3.881874
839,-3.766412
840,-3.733517
841,-3.636863
842,-3.617814
843,-0.309669
844,-3.764862
845,-3.787780
846,-3.695575
847,-3.869388
848,-3.759353
849,-3.702998
850,-3.805050
851,-3.786330
852,-3.984272
853,-3.893919
854,-3.789617
855,-3.840159
856,-3.750382
857,-3.698011
858,-3.960766
859,-3.791166
860,-3.905805
861,-3.820930
862,-3.716485
863,-4.002532
864,-3.842542
865,-3.747900
866,-3.762566
867,-3.682116
868,-3.849079
869,-3.890547
870,-3.714494
871,-3.736352
872,-3.755311
873,-3.793750
874,-3.630996
875,-3.746227
876,-3.864902
877,-3.613951
878,-3.808167
879,-3.616533
880,-3.930748
881,-3.808615
882,-1.408510
883,-3.535909
884,-3.694142
885,-3.841440
886,-3.827103
887,-3.759219
888,-3.917836
889,-3.739500
890,-3.656063
891,-3.641194
892,-3.834456
893,-3.784731
894,-3.690281
895,-3.749536
896,-3.781706
897,-3.752904
898,-2.925747
899,-2.552983
900,-3.900422
901,-3.627863
902,-3.829255
903,-3.731754
904,-3.916983
905,-3.770916
906,-3.728969
907,-1.343007
908,-3.700991
909,-3.873898
910,-3.826831
911,-3.768530
912,-3.645888
913,-3.843090
914,-3.771717
915,-3.868040
916,-3.577836
917,-3.673682
918,-3.644027
919,-3.682666
920,-3.739198
921,-3.745661
922,-3.694043
923,-3.709564
924,-3.828129
925,-3.849971
926,-3.648152
927,-4.413117
928,-3.687585
929,-2.994806
930,-3.724975
931,-3.776791
932,-3.911739
933,-3.650777
934,-3.782272
935,-3.701433
936,-3.755124
937,-3.638311
938,-3.539902
939,-3.843156
940,-3.908941
941,-3.758375
942,-3.912451
943,-3.667651
944,-3.717564
945,-3.617407
946,-3.839635
947,-3.613516
948,-3.738433
949,-3.814448
950,-3.975256
951,-3.748749
952,-3.662030
953,-3.692908
954,-3.658916
955,-3.844823
956,-3.758893
957,-3.916809
958,-3.784431
959,-3.628034
960,-3.788687
961,-3.648804
962,-3.823300
963,-3.623819
964,-3.864332
965,-3.735976
966,-3.823398
967,-3.757917
968,-3.678422
969,-3.818640
970,-3.769063
971,0.532435
972,-3.752025
973,-3.856248
974,-3.797072
975,-3.669611
976,-3.778762
977,-3.851023
978,-3.531207
979,-3.786507
980,-3.802108
981,-3.693517
982,-3.686107
983,-3.724375
984,-3.831210
985,-3.719527
986,-3.808463
987,-3.724577
988,-3.711369
989,-3.754490
990,0.684714
991,-3.838843
992,-3.712251
993,-3.813483
994,-3.862258
995,-3.640311
996,-3.695989
997,-3.883665
998,-3.961495
999,-3.755876
END_EPISODE_REWARDS
POLICY
0,UP
1,UP
2,RIGHT
3,UP
4,DOWN
5,DOWN
6,DOWN
7,UP
8,LEFT
9,RIGHT
10,LEFT
11,LEFT
12,RIGHT
13,RIGHT
14,RIGHT
15,UP
16,UP
17,UP
18,UP
19,LEFT
20,LEFT
21,DOWN
22,RIGHT
23,LEFT
24,LEFT
25,DOWN
26,RIGHT
27,UP
28,LEFT
29,RIGHT
30,LEFT
31,LEFT
32,UP
33,RIGHT
34,LEFT
35,UP
36,RIGHT
37,UP
38,RIGHT
39,UP
40,LEFT
41,UP
42,DOWN
43,DOWN
44,UP
45,LEFT
46,UP
47,UP
48,UP
49,UP
50,RIGHT
51,UP
52,UP
53,DOWN
54,DOWN
55,DOWN
56,UP
57,LEFT
58,LEFT
59,UP
60,DOWN
61,LEFT
62,UP
63,DOWN
64,DOWN
65,UP
66,UP
67,UP
68,RIGHT
69,RIGHT
70,UP
71,RIGHT
72,DOWN
73,LEFT
74,UP
75,DOWN
76,RIGHT
77,UP
78,LEFT
79,LEFT
80,RIGHT
81,UP
82,UP
83,UP
84,UP
85,DOWN
86,DOWN
87,LEFT
88,RIGHT
89,UP
90,LEFT
91,DOWN
92,UP
93,UP
94,UP
95,DOWN
96,UP
97,LEFT
98,LEFT
99,UP
100,DOWN
101,DOWN
102,UP
103,DOWN
104,UP
105,UP
106,LEFT
107,UP
108,RIGHT
109,UP
110,LEFT
111,UP
112,UP
113,RIGHT
114,UP
115,DOWN
116,DOWN
117,RIGHT
118,UP
119,UP
120,DOWN
121,LEFT
122,UP
123,UP
124,UP
125,RIGHT
126,DOWN
127,LEFT
128,DOWN
129,DOWN
130,UP
131,RIGHT
132,UP
133,UP
134,UP
135,UP
136,LEFT
137,DOWN
138,RIGHT
139,UP
140,UP
141,LEFT
142,RIGHT
143,LEFT
144,RIGHT
145,DOWN
146,LEFT
147,DOWN
148,UP
149,DOWN
150,DOWN
151,RIGHT
152,DOWN
153,LEFT
154,RIGHT
155,UP
156,LEFT
157,UP
158,LEFT
159,LEFT
160,UP
161,RIGHT
162,RIGHT
163,RIGHT
164,RIGHT
165,RIGHT
166,DOWN
167,DOWN
168,RIGHT
169,DOWN
170,LEFT
171,UP
172,RIGHT
173,LEFT
174,UP
175,LEFT
176,UP
177,RIGHT
178,UP
179,DOWN
180,DOWN
181,UP
182,RIGHT
183,DOWN
184,DOWN
185,LEFT
186,DOWN
187,DOWN
188,DOWN
189,UP
190,RIGHT
191,UP
192,UP
193,LEFT
194,RIGHT
195,LEFT
196,LEFT
197,LEFT
198,UP
199,RIGHT
200,DOWN
201,DOWN
202,LEFT
203,LEFT
204,UP
205,DOWN
206,UP
207,RIGHT
208,LEFT
209,DOWN
210,UP
211,RIGHT
212,RIGHT
213,UP
214,RIGHT
215,UP
216,DOWN
217,LEFT
218,RIGHT
219,UP
220,LEFT
221,UP
222,RIGHT
223,LEFT
224,LEFT
225,UP
226,RIGHT
227,LEFT
228,LEFT
229,DOWN
230,LEFT
231,LEFT
232,RIGHT
233,UP
234,RIGHT
235,UP
236,UP
237,LEFT
238,UP
239,DOWN
240,RIGHT
241,LEFT
242,DOWN
243,DOWN
244,DOWN
245,DOWN
246,LEFT
247,RIGHT
248,LEFT
249,RIGHT
250,UP
251,UP
252,UP
253,UP
254,UP
255,UP
END_POLICY
AVG_REWARD
0,-0.074521,-0.077235,-0.075848,-0.084398
1,-0.073225,-0.077750,-0.076591,-0.079030
2,-0.076603,-0.085611,-0.077629,-0.073852
3,-0.073895,-0.077805,-0.077014,-0.079422
4,-0.076323,-0.069208,-0.073897,-0.070288
5,-0.073304,-0.071990,-0.077353,-0.073923
6,-0.080144,-0.076469,-0.078786,-0.077650
7,-0.075512,-0.079135,-0.075517,-0.075677
8,-0.078073,-0.083437,-0.074417,-0.074761
9,-0.074397,-0.074043,-0.078205,-0.072819
10,-0.074354,-0.075151,-0.074280,-0.074445
11,-0.075605,-0.073602,-0.072507,-0.078285
12,-0.075045,-0.077675,-0.071084,-0.069685
13,-0.082247,-0.075544,-0.079406,-0.073613
14,-0.075509,-0.075278,-0.081739,-0.073671
15,-0.072470,-0.074024,-0.073314,-0.075200
16,-0.074202,-0.075961,-0.074289,-0.078415
17,-0.074339,-0.076716,-0.074572,-0.076495
18,0.000000,0.000000,0.000000,0.000000
19,-0.075546,-0.077562,-0.074165,-0.077638
20,-0.080965,-0.074254,-0.071676,-0.073039
21,-0.086594,-0.074677,-0.074843,-0.083791
22,-0.072201,-0.075282,-0.075020,-0.071648
23,-0.075891,-0.075750,-0.075590,-0.084996
24,-0.074827,-0.080585,-0.068951,-0.076826
25,-0.075469,-0.074358,-0.079012,-0.077400
26,-0.071550,-0.081055,-0.075808,-0.067521
27,-0.074424,-0.076222,-0.077819,-0.079081
28,-0.075538,-0.076238,-0.074563,-0.077943
29,-0.079398,-0.075597,-0.076075,-0.073796
30,-0.074223,-0.075695,-0.073134,-0.075773
31,-0.080452,-0.074043,-0.073421,-0.075190
32,-0.071197,-0.075069,-0.082155,-0.073306
33,-0.084894,-0.074479,-0.072325,-0.071775
34,-0.087068,-0.075451,-0.072617,-0.073019
35,-0.074186,-0.078692,-0.077003,-0.074190
36,-0.079518,-0.077116,-0.075215,-0.074967
37,0.000000,0.000000,0.000000,0.000000
38,-0.073377,-0.074555,-0.073451,-0.071857
39,-0.072987,-0.083814,-0.074085,-0.078846
40,-0.071235,-0.079195,-0.070811,-0.075307
41,-0.073807,-0.079991,-0.082548,-0.075713
42,-0.078433,-0.071040,-0.074656,-0.074158
43,-0.074871,-0.073893,-0.076725,-0.075665
44,-0.073043,-0.077773,-0.074172,-0.076085
45,-0.077033,-0.076249,-0.073900,-0.079208
46,-0.074471,-0.079644,-0.074823,-0.075859
47,-0.074218,-0.075831,-0.076487,-0.075111
48,-0.073715,-0.075836,-0.075375,-0.075508
49,-0.069964,-0.075277,-0.076323,-0.077371
50,-0.077865,-0.086559,-0.074202,-0.073067
51,-0.074875,-0.082207,-0.075222,-0.081070
52,-0.071454,-0.075054,-0.071617,-0.078139
53,-0.074577,-0.072571,-0.079600,-0.074907
54,-0.077144,-0.073273,-0.074535,-0.076523
55,-0.075037,-0.074592,-0.077856,-0.080444
56,-0.067699,-0.073798,-0.079183,-0.071368
57,-0.075887,-0.075421,-0.072916,-0.077060
58,-0.086023,-0.075020,-0.070336,-0.072695
59,-0.073939,-0.079107,-0.078640,-0.074522
60,-0.072674,-0.071520,-0.085016,-0.078392
61,-0.077349,-0.073752,-0.073054,-0.075561
62,-0.071803,-0.083907,-0.082503,-0.072626
63,-0.077503,-0.073469,-0.076716,-0.074396
64,-0.081136,-0.070047,-0.074677,-0.073521
65,-0.073085,-0.075790,-0.074214,-0.080393
66,-0.075778,-0.081172,-0.078532,-0.078157
67,-0.074248,-0.074947,-0.080272,-0.082196
68,-0.072919,-0.079480,-0.073105,-0.072638
69,-0.074547,-0.079673,-0.080916,-0.074443
70,-0.074235,-0.076155,-0.076257,-0.075879
71,-0.082058,-0.075015,-0.074279,-0.073208
72,-0.076574,-0.073760,-0.077181,-0.076280
73,-0.077152,-0.077885,-0.075952,-0.084395
74,0.000000,0.000000,0.000000,0.000000
75,-0.078397,-0.074740,-0.075208,-0.078317
76,-0.086829,-0.082685,-0.077426,-0.071926
77,-0.072566,-0.075490,-0.074898,-0.081513
78,-0.077781,-0.078071,-0.068879,-0.075305
79,-0.077626,-0.076657,-0.073562,-0.074513
80,-0.071715,-0.076123,-0.074616,-0.071624
81,-0.072085,-0.074197,-0.075454,-0.072555
82,-0.071781,-0.080137,-0.075052,-0.077858
83,-0.070401,-0.081885,-0.074626,-0.073626
84,-0.074689,-0.083484,-0.084094,-0.079136
85,-0.076945,-0.073421,-0.075257,-0.081331
86,-0.075460,-0.073791,-0.078882,-0.077694
87,-0.077413,-0.076717,-0.071217,-0.077511
88,-0.080810,-0.076262,-0.074570,-0.074184
89,-0.073557,-0.074059,-0.079277,-0.077040
90,-0.078678,-0.081573,-0.075467,-0.091980
91,-0.076983,-0.073674,-0.082649,-0.082062
92,-0.073107,-0.079417,-0.077271,-0.075244
93,0.000000,0.000000,0.000000,0.000000
94,-0.072400,-0.074946,-0.073919,-0.075062
95,-0.082303,-0.074228,-0.074274,-0.084970
96,-0.073347,-0.078684,-0.074879,-0.076716
97,-0.074626,-0.086551,-0.072913,-0.074461
98,-0.071598,-0.077110,-0.071297,-0.078569
99,-0.067039,-0.086207,-0.079936,-0.074508
100,-0.072110,-0.071723,-0.074921,-0.075533
101,-0.074602,-0.072993,-0.079656,-0.078221
102,-0.072857,-0.077915,-0.075491,-0.079393
103,-0.076732,-0.071439,-0.076309,-0.076213
104,-0.073321,-0.073722,-0.080874,-0.075045
105,-0.071954,-0.073937,-0.077069,-0.073780
106,-0.077753,-0.076525,-0.074234,-0.079209
107,-0.074566,-0.075764,-0.079085,-0.078642
108,-0.073893,-0.075226,-0.077740,-0.073754
109,-0.075447,-0.076858,-0.079947,-0.080067
110,-0.075977,-0.077146,-0.073544,-0.075092
111,-0.072471,-0.076589,-0.089513,-0.081194
112,-0.069486,-0.073409,-0.076568,-0.077636
113,-0.081966,-0.080487,-0.072880,-0.071880
114,-0.074828,-0.079766,-0.079660,-0.076963
115,-0.078068,-0.073354,-0.078903,-0.075307
116,-0.079465,-0.075664,-0.079839,-0.083947
117,-0.076176,-0.075002,-0.075735,-0.074274
118,-0.072674,-0.077852,-0.074458,-0.074062
119,-0.074482,-0.083988,-0.076641,-0.076190
120,-0.077474,-0.071015,-0.074363,-0.071576
121,-0.079660,-0.078614,-0.074548,-0.076776
122,0.000000,0.000000,0.000000,0.000000
123,-0.076333,-0.077451,-0.079472,-0.077780
124,-0.074592,-0.075919,-0.079821,-0.075140
125,-0.080315,-0.072447,-0.074371,-0.071066
126,-0.076242,-0.073942,-0.076797,-0.078248
127,-0.073754,-0.075143,-0.072764,-0.081513
128,-0.090398,-0.072468,-0.077961,-0.077620
129,-0.075425,-0.073820,-0.075936,-0.075606
130,-0.069670,-0.072453,-0.071374,-0.081036
131,-0.077362,-0.074736,-0.074701,-0.073996
132,-0.074318,-0.082116,-0.077683,-0.074792
133,-0.072163,-0.073638,-0.073903,-0.074640
134,-0.072753,-0.075247,-0.090066,-0.073172
135,-0.074479,-0.086378,-0.078463,-0.078707
136,-0.077359,-0.073437,-0.072856,-0.080831
137,-0.074843,-0.072264,-0.074442,-0.073292
138,-0.082096,-0.074752,-0.074742,-0.070980
139,-0.072545,-0.075821,-0.076873,-0.075308
140,-0.074703,-0.076187,-0.075846,-0.082442
141,-0.079529,-0.077164,-0.072840,-0.075443
142,-0.075136,-0.077509,-0.073338,-0.071806
143,-0.071998,-0.074427,-0.070949,-0.076357
144,-0.077347,-0.076759,-0.076647,-0.075747
145,-0.075026,-0.072290,-0.077975,-0.077805
146,-0.077943,-0.073940,-0.072583,-0.077217
147,-0.074645,-0.071581,-0.075732,-0.074488
148,-0.070376,-0.076841,-0.075083,-0.082614
149,-0.075510,-0.073746,-0.076638,-0.083406
150,-0.076864,-0.075693,-0.087981,-0.077752
151,-0.072297,-0.078998,-0.085597,-0.070674
152,-0.075852,-0.072924,-0.083164,-0.081068
153,-0.083195,-0.077301,-0.075161,-0.076737
154,-0.071510,-0.072289,-0.082468,-0.070994
155,-0.072780,-0.077669,-0.076121,-0.075331
156,-0.078300,-0.076431,-0.074280,-0.074755
157,0.000000,0.000000,0.000000,0.000000
158,-0.078851,-0.075422,-0.074531,-0.075034
159,-0.073116,-0.076875,-0.072940,-0.076703
160,-0.075380,-0.079721,-0.077023,-0.075880
161,-0.073392,-0.073681,-0.077663,-0.071845
162,-0.078118,-0.076633,-0.079983,-0.072131
163,-0.076508,-0.077635,-0.076301,-0.073479
164,-0.076164,-0.075251,-0.075831,-0.071828
165,-0.075314,-0.079299,-0.075208,-0.072501
166,-0.075402,-0.073585,-0.077575,-0.073710
167,-0.076732,-0.074622,-0.080843,-0.076022
168,-0.075169,-0.079924,-0.076663,-0.071777
169,-0.074947,-0.073980,-0.075465,-0.083633
170,-0.083811,-0.073710,-0.072234,-0.077109
171,-0.071488,-0.075363,-0.072234,-0.073591
172,-0.074749,-0.079811,-0.075614,-0.071100
173,-0.079585,-0.078854,-0.074769,-0.079008
174,-0.075571,-0.078012,-0.076334,-0.083674
175,-0.074496,-0.076218,-0.068783,-0.074415
176,-0.073906,-0.074540,-0.075576,-0.074361
177,-0.084004,-0.077027,-0.076028,-0.075286
178,-0.074085,-0.080127,-0.078468,-0.077555
179,-0.075366,-0.072639,-0.078098,-0.076116
180,-0.074131,-0.074075,-0.081158,-0.081232
181,-0.075722,-0.080635,-0.079207,-0.084854
182,-0.078981,-0.078503,-0.075681,-0.074991
183,-0.081583,-0.074296,-0.076986,-0.074948
184,-0.075963,-0.070319,-0.083754,-0.076348
185,-0.080474,-0.079806,-0.073017,-0.080672
186,-0.078622,-0.074154,-0.075865,-0.075177
187,-0.081177,-0.071953,-0.072764,-0.073318
188,-0.078093,-0.075148,-0.079832,-0.078781
189,-0.071067,-0.072358,-0.076599,-0.071332
190,-0.078017,-0.078440,-0.079932,-0.075917
191,-0.072503,-0.081912,-0.075099,-0.078910
192,-0.075080,-0.077401,-0.076566,-0.082753
193,-0.077501,-0.084461,-0.069097,-0.074875
194,-0.086937,-0.074170,-0.077456,-0.074000
195,-0.075032,-0.084297,-0.073455,-0.082332
196,-0.073165,-0.081747,-0.072294,-0.082214
197,-0.071992,-0.084187,-0.068186,-0.077486
198,0.000000,0.000000,0.000000,0.000000
199,-0.078604,-0.076435,-0.077046,-0.076068
200,-0.072955,-0.072094,-0.075194,-0.078078
201,-0.078797,-0.074993,-0.078082,-0.075464
202,-0.079762,-0.083159,-0.076099,-0.079040
203,-0.076047,-0.080406,-0.074829,-0.075628
204,-0.073792,-0.074468,-0.077188,-0.081559
205,-0.073437,-0.072682,-0.083026,-0.081596
206,-0.072950,-0.079545,-0.076916,-0.082824
207,-0.078492,-0.075808,-0.086048,-0.075787
208,-0.078377,-0.075891,-0.074435,-0.079295
209,-0.073619,-0.071987,-0.073806,-0.078378
210,-0.073255,-0.077915,-0.075232,-0.084546
211,-0.085955,-0.071134,-0.073545,-0.069172
212,-0.071124,-0.081555,-0.078002,-0.068170
213,-0.070350,-0.077619,-0.077197,-0.070871
214,-0.074247,-0.073991,-0.074992,-0.072656
215,-0.072749,-0.073448,-0.075347,-0.076073
216,-0.075123,-0.074390,-0.076684,-0.075432
217,-0.076327,-0.075423,-0.074133,-0.075173
218,-0.074831,-0.075587,-0.076427,-0.074275
219,-0.072434,-0.077724,-0.072624,-0.076395
220,-0.071618,-0.076435,-0.069526,-0.075883
221,0.000000,0.000000,0.000000,0.000000
222,-0.071725,-1.000000,-0.077535,-0.069565
223,-0.075465,-0.074695,-0.073837,-0.076958
224,-0.077980,-0.074341,-0.070192,-0.072861
225,-0.070539,-0.076624,-0.071656,-0.075928
226,-0.073499,-0.074277,-0.076525,-0.070552
227,-0.077650,-0.074724,-0.072957,-0.079962
228,-0.085356,-0.078523,-0.069328,-0.078546
229,-0.076586,-0.075200,-0.077655,-0.075878
230,-0.074549,-0.074344,-0.074205,-0.076786
231,-0.074207,-0.079530,-0.068864,-0.069374
232,-0.075965,-0.076673,-0.074569,-0.073411
233,-0.073729,-0.075623,-0.074758,-0.077073
234,-0.081599,-0.074809,-0.075442,-0.073285
235,-0.071155,-1.000000,-0.076285,-0.086446
236,-0.070140,-0.070617,-0.073824,-0.075811
237,-0.080222,-0.074613,-0.073266,-1.000000
238,0.000000,0.000000,0.000000,0.000000
239,-0.075878,1.000000,0.000000,0.000000
240,-0.077857,-0.076974,-0.075932,-0.072383
241,-0.078578,-0.074119,-0.067471,-0.079157
242,-0.074705,-0.074110,-0.079467,-0.074611
243,-0.076199,-0.074180,-0.077035,-0.081829
244,-0.075662,-0.073687,-0.080503,-0.074617
245,-0.076745,-0.073695,-0.078591,-0.077481
246,-0.079343,-0.074008,-0.072470,-0.074504
247,-0.075438,-0.074581,-0.075141,-0.073665
248,-0.075905,-0.078707,-0.074071,-0.078563
249,-0.072340,-0.074346,-0.074710,-0.070329
250,-0.074090,-0.075565,-0.076154,-1.000000
251,0.000000,0.000000,0.000000,0.000000
252,-0.066617,-0.073410,-1.000000,-0.071285
253,-0.074331,-0.094341,-0.088626,-1.000000
254,0.000000,0.000000,0.000000,0.000000
255,0.000000,0.000000,0.000000,0.000000
END_AVG_REWARD
STATE_STATS
0,UP,589,373,63.3277
1,UP,400,251,62.7500
2,RIGHT,223,47,21.0762
3,UP,318,218,68.5535
4,DOWN,56,11,19.6429
5,DOWN,266,15,5.6391
6,DOWN,314,167,53.1847
7,UP,935,722,77.2193
8,LEFT,153,102,66.6667
9,RIGHT,579,45,7.7720
10,LEFT,268,53,19.7761
11,LEFT,404,153,37.8713
12,RIGHT,61,14,22.9508
13,RIGHT,74,30,40.5405
14,RIGHT,230,29,12.6087
15,UP,95,46,48.4211
16,UP,200,28,14.0000
17,UP,140,95,67.8571
18,UP,0,0,0.0000
19,LEFT,640,547,85.4688
20,LEFT,131,26,19.8473
21,DOWN,119,46,38.6555
22,RIGHT,235,47,20.0000
23,LEFT,182,39,21.4286
24,LEFT,95,28,29.4737
25,DOWN,359,90,25.0696
26,RIGHT,98,31,31.6327
27,UP,295,198,67.1186
28,LEFT,93,49,52.6882
29,RIGHT,145,65,44.8276
30,LEFT,387,82,21.1886
31,LEFT,177,43,24.2938
32,UP,121,40,33.0579
33,RIGHT,173,28,16.1850
34,LEFT,118,29,24.5763
35,UP,236,66,27.9661
36,RIGHT,342,154,45.0292
37,UP,0,0,0.0000
38,RIGHT,105,18,17.1429
39,UP,134,81,60.4478
40,LEFT,55,8,14.5455
41,UP,153,109,71.2418
42,DOWN,112,35,31.2500
43,DOWN,332,153,46.0843
44,UP,270,42,15.5556
45,LEFT,242,118,48.7603
46,UP,350,248,70.8571
47,UP,131,66,50.3817
48,UP,176,30,17.0455
49,UP,359,70,19.4986
50,RIGHT,220,114,51.8182
51,UP,189,36,19.0476
52,UP,236,20,8.4746
53,DOWN,500,42,8.4000
54,DOWN,296,91,30.7432
55,DOWN,59,23,38.9831
56,UP,71,16,22.5352
57,LEFT,94,36,38.2979
58,LEFT,100,27,27.0000
59,UP,219,176,80.3653
60,DOWN,128,23,17.9688
61,LEFT,360,86,23.8889
62,UP,89,33,37.0787
63,DOWN,132,32,24.2424
64,DOWN,159,26,16.3522
65,UP,302,135,44.7020
66,UP,84,35,41.6667
67,UP,71,28,39.4366
68,RIGHT,232,40,17.2414
69,RIGHT,439,332,75.6264
70,UP,566,79,13.9576
71,RIGHT,136,60,44.1176
72,DOWN,121,88,72.7273
73,LEFT,75,35,46.6667
74,UP,0,0,0.0000
75,DOWN,167,80,47.9042
76,RIGHT,90,40,44.4444
77,UP,369,259,70.1897
78,LEFT,130,23,17.6923
79,LEFT,348,55,15.8046
80,RIGHT,433,80,18.4758
81,UP,295,39,13.2203
82,UP,198,31,15.6566
83,UP,45,20,44.4444
84,UP,105,56,53.3333
85,DOWN,136,31,22.7941
86,DOWN,208,24,11.5385
87,LEFT,156,38,24.3590
88,RIGHT,163,33,20.2454
89,UP,132,35,26.5152
90,LEFT,42,18,42.8571
91,DOWN,195,103,52.8205
92,UP,104,21,20.1923
93,UP,0,0,0.0000
94,UP,416,52,12.5000
95,DOWN,180,25,13.8889
96,UP,176,46,26.1364
97,LEFT,132,72,54.5455
98,LEFT,121,71,58.6777
99,UP,116,8,6.8966
100,DOWN,154,27,17.5325
101,DOWN,243,117,48.1481
102,UP,249,20,8.0321
103,DOWN,151,23,15.2318
104,UP,123,37,30.0813
105,UP,140,62,44.2857
106,LEFT,79,14,17.7215
107,UP,182,94,51.6484
108,RIGHT,108,45,41.6667
109,UP,432,338,78.2407
110,LEFT,131,35,26.7176
111,UP,143,97,67.8322
112,UP,136,5,3.6765
113,RIGHT,60,14,23.3333
114,UP,99,59,59.5960
115,DOWN,63,15,23.8095
116,DOWN,385,301,78.1818
117,RIGHT,489,376,76.8916
118,UP,567,69,12.1693
119,UP,385,84,21.8182
120,DOWN,356,44,12.3596
121,LEFT,233,165,70.8155
122,UP,0,0,0.0000
123,UP,142,52,36.6197
124,UP,344,60,17.4419
125,RIGHT,189,13,6.8783
126,DOWN,89,37,41.5730
127,LEFT,109,33,30.2752
128,DOWN,125,81,64.8000
129,DOWN,236,160,67.7966
130,UP,115,51,44.3478
131,RIGHT,89,12,13.4831
132,UP,449,307,68.3742
133,UP,183,32,17.4863
134,UP,116,28,24.1379
135,UP,129,97,75.1938
136,LEFT,203,42,20.6897
137,DOWN,70,33,47.1429
138,RIGHT,94,16,17.0213
139,UP,132,48,36.3636
140,UP,282,174,61.7021
141,LEFT,211,29,13.7441
142,RIGHT,139,34,24.4604
143,LEFT,120,21,17.5000
144,RIGHT,285,138,48.4211
145,DOWN,340,105,30.8824
146,LEFT,84,15,17.8571
147,DOWN,122,13,10.6557
148,UP,141,75,53.1915
149,DOWN,208,150,72.1154
150,DOWN,99,52,52.5253
151,RIGHT,82,32,39.0244
152,DOWN,226,73,32.3009
153,LEFT,86,34,39.5349
154,RIGHT,84,14,16.6667
155,UP,319,48,15.0470
156,LEFT,755,282,37.3510
157,UP,0,0,0.0000
158,LEFT,637,461,72.3705
159,LEFT,128,47,36.7188
160,UP,140,89,63.5714
161,RIGHT,153,33,21.5686
162,RIGHT,192,142,73.9583
163,RIGHT,195,36,18.4615
164,RIGHT,174,110,63.2184
165,RIGHT,291,42,14.4330
166,DOWN,120,30,25.0000
167,DOWN,103,31,30.0971
168,RIGHT,221,155,70.1357
169,DOWN,212,84,39.6226
170,LEFT,56,12,21.4286
171,UP,63,7,11.1111
172,RIGHT,168,79,47.0238
173,LEFT,185,69,37.2973
174,UP,218,105,48.1651
175,LEFT,191,43,22.5131
176,UP,255,63,24.7059
177,RIGHT,146,30,20.5479
178,UP,77,39,50.6494
179,DOWN,99,34,34.3434
180,DOWN,144,84,58.3333
181,UP,45,24,53.3333
182,RIGHT,105,73,69.5238
183,DOWN,171,69,40.3509
184,DOWN,200,59,29.5000
185,LEFT,209,125,59.8086
186,DOWN,280,49,17.5000
187,DOWN,233,18,7.7253
188,DOWN,248,176,70.9677
189,UP,107,37,34.5794
190,RIGHT,154,94,61.0390
191,UP,149,80,53.6913
192,UP,295,153,51.8644
193,LEFT,95,26,27.3684
194,RIGHT,242,138,57.0248
195,LEFT,199,131,65.8291
196,LEFT,124,18,14.5161
197,LEFT,62,13,20.9677
198,UP,0,0,0.0000
199,RIGHT,300,201,67.0000
200,DOWN,332,132,39.7590
201,DOWN,177,99,55.9322
202,LEFT,159,78,49.0566
203,LEFT,131,50,38.1679
204,UP,268,211,78.7313
205,DOWN,106,46,43.3962
206,UP,58,36,62.0690
207,RIGHT,57,14,24.5614
208,LEFT,408,327,80.1471
209,DOWN,66,15,22.7273
210,UP,132,82,62.1212
211,RIGHT,35,8,22.8571
212,RIGHT,32,11,34.3750
213,UP,68,10,14.7059
214,RIGHT,258,30,11.6279
215,UP,233,50,21.4592
216,DOWN,262,72,27.4809
217,LEFT,237,41,17.2996
218,RIGHT,296,201,67.9054
219,UP,336,49,14.5833
220,LEFT,114,44,38.5965
221,UP,0,0,0.0000
222,RIGHT,69,53,76.8116
223,LEFT,95,52,54.7368
224,LEFT,102,33,32.3529
225,UP,63,23,36.5079
226,RIGHT,154,23,14.9351
227,LEFT,174,53,30.4598
228,LEFT,45,23,51.1111
229,DOWN,99,56,56.5657
230,LEFT,193,11,5.6995
231,LEFT,194,32,16.4948
232,RIGHT,467,264,56.5310
233,UP,364,29,7.9670
234,RIGHT,106,19,17.9245
235,UP,105,82,78.0952
236,UP,27,7,25.9259
237,LEFT,56,7,12.5000
238,UP,0,0,0.0000
239,DOWN,16,11,68.7500
240,RIGHT,132,42,31.8182
241,LEFT,218,28,12.8440
242,DOWN,263,94,35.7414
243,DOWN,225,22,9.7778
244,DOWN,138,96,69.5652
245,DOWN,348,238,68.3908
246,LEFT,544,41,7.5368
247,RIGHT,379,250,65.9631
248,LEFT,362,233,64.3646
249,RIGHT,69,17,24.6377
250,UP,259,22,8.4942
251,UP,0,0,0.0000
252,UP,14,4,28.5714
253,UP,50,43,86.0000
254,UP,0,0,0.0000
255,UP,0,0,0.0000
END_STATE_STATS
